<?xml version="1.0" encoding="utf-8"?>
<process name="MSDEV.EXE" handle="000101ba" className="VcTipWindow">
</process>
<process name="MSDEV.EXE" handle="0001012e" className="VcTipWindow">
</process>
<process name="MSDEV.EXE" handle="0001012a" className="VsCompletorPane">
	<childrens>
		<controls type="window" handle="0001012c" title="" className="ScrollBar">
	</childrens>
</process>
<process name="MSDEV.EXE" handle="00020100" className="Afx:400000:8:10011:0:400e5">
	<childrens>
		<controls type="window" handle="00010106" title="Ready" className="Afx:400000:0:10011:10:0">
		<controls type="window" handle="00230190" title="" className="Afx:400000:8">
			<childrens>
				<controls type="window" handle="00010146" title="" className="Afx:400000:b:10011:10:0">
					<childrens>
						<controls type="window" handle="00010148" title="" className="ComboBox">
							<childrens>
								<controls type="window" handle="0001014c" title="" className="Edit">
							</childrens>
						<controls type="window" handle="0001014e" title="" className="ComboBox">
							<childrens>
								<controls type="window" handle="00010152" title="" className="Edit">
							</childrens>
						<controls type="window" handle="00010154" title="" className="ComboBox">
							<childrens>
								<controls type="window" handle="00010158" title="" className="Edit">
							</childrens>
						<controls type="window" handle="0001015a" title="" className="AfxWnd42">
					</childrens>
				<controls type="window" handle="00010144" title="" className="Afx:400000:b:10011:10:0">
				<controls type="window" handle="00010138" title="" className="Afx:400000:b:10011:10:0">
					<childrens>
						<controls type="window" handle="0001013a" title="" className="AfxWnd42">
						<controls type="window" handle="0001013c" title="" className="AfxWnd42">
						<controls type="window" handle="0001013e" title="title" className="ComboBox">
							<childrens>
								<controls type="window" handle="00010142" title="title" className="Edit">
							</childrens>
					</childrens>
				<controls type="window" handle="00010136" title="" className="Afx:400000:b:10011:10:0">
			</childrens>
		<controls type="window" handle="000d01ce" title="" className="Afx:400000:8">
			<childrens>
				<controls type="window" handle="000101e6" title="" className="Afx:400000:8:10011:10:0">
					<childrens>
						<controls type="window" handle="000d01e2" title="" className="AfxFrameOrView42">
							<childrens>
								<controls type="window" handle="000e018e" title="" className="ScrollBar">
								<controls type="window" handle="000a01bc" title="" className="#32770">
									<childrens>
										<controls type="window" handle="000801dc" title="C&ontext:" className="Static">
										<controls type="window" handle="000801d2" title="" className="ComboBox">
									</childrens>
								<controls type="window" handle="000d01e4" title="Auto" className="Afx:400000:0">
									<childrens>
										<controls type="window" handle="000801de" title="" className="ScrollBar">
									</childrens>
								<controls type="window" handle="000801d0" title="" className="Afx:400000:8">
								<controls type="window" handle="000d01e0" title="" className="ScrollBar">
								<controls type="window" handle="000201c8" title="" className="Afx:400000:8">
								<controls type="window" handle="000201cc" title="" className="Afx:400000:8">
							</childrens>
					</childrens>
				<controls type="window" handle="000d01da" title="" className="Afx:400000:8:10011:10:0">
					<childrens>
						<controls type="window" handle="00020132" title="" className="AfxFrameOrView42">
							<childrens>
								<controls type="window" handle="0002011e" title="" className="ScrollBar">
								<controls type="window" handle="00020122" title="Watch1" className="Afx:400000:0">
									<childrens>
										<controls type="window" handle="00020124" title="" className="ScrollBar">
									</childrens>
								<controls type="window" handle="00020126" title="" className="Afx:400000:8">
								<controls type="window" handle="00020128" title="" className="ScrollBar">
								<controls type="window" handle="00020120" title="" className="Afx:400000:8">
								<controls type="window" handle="000d01d6" title="" className="Afx:400000:8">
								<controls type="window" handle="000d01d4" title="" className="Afx:400000:8">
							</childrens>
					</childrens>
			</childrens>
		<controls type="window" handle="000d01d8" title="" className="Afx:400000:8">
			<childrens>
				<controls type="window" handle="00010134" title="" className="Afx:400000:8:10011:10:0">
					<childrens>
						<controls type="window" handle="00010110" title="" className="Afx:400000:8:10011:10:0">
							<childrens>
								<controls type="window" handle="0002017e" title="ClassView" className="Afx:400000:8:10011:0:0">
								<controls type="window" handle="000400e4" title="FileView" className="Afx:400000:8:10011:0:0">
								<controls type="window" handle="0002017c" title="ResourceView" className="Afx:400000:8:10011:0:0">
							</childrens>
					</childrens>
			</childrens>
		<controls type="window" handle="00010104" title="" className="MDIClient">
			<childrens>
				<controls type="window" handle="0003009c" title="ProcessSpyDlg.cpp" className="Afx:400000:b:10011:6:5014f">
					<childrens>
						<controls type="window" handle="000800ee" title="" className="AfxMDIFrame42">
							<childrens>
								<controls type="window" handle="000700f0" title="" className="ScrollBar">
								<controls type="window" handle="000600f2" title="" className="ScrollBar">
								<controls type="window" handle="000400fa" title="" className="ScrollBar">
								<controls type="window" handle="000400fc" title="" className="Afx:400000:8">
							</childrens>
					</childrens>
				<controls type="window" handle="000701c4" title="C:\...\ProcessSpyDlg.cpp" className="Afx:400000:b:10011:6:5014f">
					<childrens>
						<controls type="window" handle="000701c2" title="" className="AfxMDIFrame42">
							<childrens>
								<controls type="window" handle="000b01b8" title="" className="ScrollBar">
								<controls type="window" handle="000701c0" title="" className="ScrollBar">
								<controls type="window" handle="000701c6" title="" className="ScrollBar">
								<controls type="window" handle="000701ca" title="" className="Afx:400000:8">
							</childrens>
					</childrens>
				<controls type="window" handle="0009005e" title="ProcessSpyDlg.h" className="Afx:400000:b:10011:6:2200fb">
					<childrens>
						<controls type="window" handle="000600f8" title="" className="AfxMDIFrame42">
							<childrens>
								<controls type="window" handle="000300fe" title="" className="ScrollBar">
								<controls type="window" handle="000201aa" title="" className="ScrollBar">
								<controls type="window" handle="000201a8" title="" className="ScrollBar">
								<controls type="window" handle="000201a6" title="" className="Afx:400000:8">
							</childrens>
					</childrens>
			</childrens>
	</childrens>
</process>
<process name="MSDEV.EXE" handle="000801be" className="ComboLBox">
</process>
<process name="MSDEV.EXE" handle="0002018c" className="ComboLBox">
</process>
<process name="MSDEV.EXE" handle="0002019a" className="ComboLBox">
</process>
<process name="MSDEV.EXE" handle="000300b8" className="#43">
</process>
<process name="MSDEV.EXE" handle="00010176" className="ComboLBox">
</process>
<process name="MSDEV.EXE" handle="0001016a" className="ComboLBox">
</process>
<process name="MSDEV.EXE" handle="00010156" className="ComboLBox">
</process>
<process name="MSDEV.EXE" handle="00010150" className="ComboLBox">
</process>
<process name="MSDEV.EXE" handle="0001014a" className="ComboLBox">
</process>
<process name="MSDEV.EXE" handle="00010140" className="ComboLBox">
</process>
<process name="MSDEV.EXE" handle="00010116" className="OleDdeWndClass">
</process>
<process name="MSDEV.EXE" handle="00010112" className="MSVCDBG50">
</process>
<process name="MSDEV.EXE" handle="0001010e" className="MSVCED50">
</process>
<process name="MSDEV.EXE" handle="0001010c" className="OleDdeWndClass">
</process>
<process name="MSDEV.EXE" handle="0001010a" className="MsoStdCompMgr">
</process>
